<?xml version="1.0" encoding="UTF-8"?>
<beans xmlns="http://www.springframework.org/schema/beans"
	xmlns:xsi="http://www.w3.org/2001/XMLSchema-instance" xmlns:context="http://www.springframework.org/schema/context"
	xmlns:mvc="http://www.springframework.org/schema/mvc" xmlns:aop="http://www.springframework.org/schema/aop"
	xmlns:webflow-config="http://www.springframework.org/schema/webflow-config"
	xsi:schemaLocation="http://www.springframework.org/schema/webflow-config http://www.springframework.org/schema/webflow-config/spring-webflow-config-2.4.xsd
		http://www.springframework.org/schema/mvc http://www.springframework.org/schema/mvc/spring-mvc-4.3.xsd
		http://www.springframework.org/schema/beans http://www.springframework.org/schema/beans/spring-beans.xsd
		http://www.springframework.org/schema/context http://www.springframework.org/schema/context/spring-context-4.3.xsd
		http://www.springframework.org/schema/aop http://www.springframework.org/schema/aop/spring-aop-4.3.xsd">

	<context:component-scan base-package="org.codemaster.onlineshopping"></context:component-scan>
	<context:component-scan base-package="org.codemaster.shoppingbackend"></context:component-scan>


	<bean id="viewResolver"
		class="org.springframework.web.servlet.view.InternalResourceViewResolver">
		<property name="prefix" value="/WEB-INF/views/"></property>
		<property name="suffix" value=".jsp"></property>
	</bean>


	<!-- You can also learn CommonsMultipartResolver. Now I will use StandardServletMultipartResolver -->
	<!-- id must be as "multipartResolver" . Do not change this id -->
	<bean id="multipartResolver"
		class="org.springframework.web.multipart.support.StandardServletMultipartResolver"></bean>

	<mvc:annotation-driven />
	<!-- Loading Static Resources -->
	<mvc:resources location="/resources/" mapping="/static/**"></mvc:resources>

	<!-- WEBFLOW CONFIGURATION -->
	<!-- entry point for the flow -->
	<webflow-config:flow-executor id="flowExecutor"
		flow-registry="flowRegistry" />
	<webflow-config:flow-registry id="flowRegistry"
		base-path="/WEB-INF/views/flows" flow-builder-services="flowBuilderServices">
		<webflow-config:flow-location-pattern
			value="/**/*-flow.xml" />
	</webflow-config:flow-registry>

	<webflow-config:flow-builder-services
		id="flowBuilderServices" view-factory-creator="viewFactoryCreator"
		validator="validator" />

	<bean class="org.springframework.webflow.mvc.servlet.FlowHandlerAdapter">
		<property name="flowExecutor" ref="flowExecutor"></property>
	</bean>
	<bean class="org.springframework.webflow.mvc.servlet.FlowHandlerMapping">
		<property name="flowRegistry" ref="flowRegistry"></property>
		<property name="order" value="-1"></property>
	</bean>
	<bean id="viewFactoryCreator"
		class="org.springframework.webflow.mvc.builder.MvcViewFactoryCreator">
		<property name="viewResolvers" ref="viewResolver"></property>
	</bean>
	<bean id="validator"
		class="org.springframework.validation.beanvalidation.LocalValidatorFactoryBean"></bean>
</beans>
