<?xml version="1.0" encoding="UTF-8"?>
<beans:beans xmlns="http://www.springframework.org/schema/security"
	xmlns:beans="http://www.springframework.org/schema/beans" xmlns:xsi="http://www.w3.org/2001/XMLSchema-instance"
	xsi:schemaLocation="http://www.springframework.org/schema/beans
		http://www.springframework.org/schema/beans/spring-beans.xsd
		http://www.springframework.org/schema/security
		http://www.springframework.org/schema/security/spring-security.xsd">

	<http>
		<intercept-url pattern="/**" access="hasAuthority('USER')" />
		<!-- <intercept-url pattern="/**" access="hasRole('USER')" /> -->
		<form-login />
		<logout />
	</http>

	<authentication-manager>
		<authentication-provider>
			<user-service>
				<user name="john" password="johnpass" authorities="USER, ADMIN" />
				<!-- <user name="john" password="johnpass" authorities="ROLE_USER, ROLE_ADMIN" 
					/> -->

			</user-service>
		</authentication-provider>
	</authentication-manager>

</beans:beans>